[
  {
    "id": "1",
    "name": "Chipotle Minneapolis",
    "lat": "44.947464",
    "lng": "-93.320826",
    "category": "Restaurant",
    "address": "3040 Excelsior Blvd",
    "address2": "",
    "city": "Minneapolis",
    "state": "MN",
    "postal": "55416",
    "phone": "612-922-6662",
    "web": "http:\/\/www.chipotle.com",
    "hours1": "Mon-Sun 11am-10pm",
    "hours2": "",
    "hours3": "",
    "featured": "",
    "features": "",
    "date": "10/17/18"
  },
  {
    "id": "2",
    "name": "Chipotle St. Louis Park",
    "lat": "44.930810",
    "lng": "-93.347877",
    "category": "Restaurant",
    "address": "5480 Excelsior Blvd.",
    "address2": "",
    "city": "St. Louis Park",
    "state": "MN",
    "postal": "55416",
    "phone": "952-922-1970",
    "web": "http:\/\/www.chipotle.com",
    "hours1": "Mon-Sun 11am-10pm",
    "hours2": "",
    "hours3": "",
    "featured": "",
    "features": "Online Ordering",
    "date": "09/17/18"
  },
  {
    "id": "3",
    "name": "Chipotle Minneapolis",
    "lat": "44.9553438",
    "lng": "-93.29719699999998",
    "category": "Restaurant, Bar",
    "address": "2600 Hennepin Ave.",
    "address2": "",
    "city": "Minneapolis",
    "state": "MN",
    "postal": "55404",
    "phone": "612-377-6035",
    "web": "http:\/\/www.chipotle.com",
    "hours1": "Mon-Sun 11am-10pm",
    "hours2": "",
    "hours3": "",
    "featured": "true",
    "features": "Online Ordering, Fresh Guacamole",
    "date": "08/17/18"
  },
  {
    "id": "4",
    "name": "Chipotle Golden Valley",
    "lat": "44.983935",
    "lng": "-93.380542",
    "category": "Restaurant, Something & Sons",
    "address": "515 Winnetka Ave. N",
    "address2": "",
    "city": "Golden Valley",
    "state": "MN",
    "postal": "55427",
    "phone": "763-544-2530",
    "web": "http:\/\/www.chipotle.com",
    "hours1": "Mon-Sun 11am-10pm",
    "hours2": "",
    "hours3": "",
    "featured": "",
    "features": "Online Ordering",
    "date": "07/17/18"
  },
  {
    "id": "5",
    "name": "Chipotle Hopkins",
    "lat": "44.924363",
    "lng": "-93.410158",
    "category": "Cafe",
    "address": "786 Mainstreet",
    "address2": "",
    "city": "Hopkins",
    "state": "MN",
    "postal": "55343",
    "phone": "952-935-0044",
    "web": "http:\/\/www.chipotle.com",
    "hours1": "Mon-Sun 11am-10pm",
    "hours2": "",
    "hours3": "",
    "featured": "",
    "features": "Margaritas",
    "date": "06/17/18"
  },
  {
    "id": "6",
    "name": "Chipotle Minneapolis",
    "lat": "44.973557",
    "lng": "-93.275111",
    "category": "Restaurant",
    "address": "1040 Nicollet Ave",
    "address2": "",
    "city": "Minneapolis",
    "state": "MN",
    "postal": "55403",
    "phone": "612-659-7955",
    "web": "http:\/\/www.chipotle.com",
    "hours1": "Mon-Sun 11am-10pm",
    "hours2": "",
    "hours3": "",
    "featured": "",
    "features": "Online Ordering, Margaritas",
    "date": "05/17/18"
  },
  {
    "id": "7",
    "name": "Chipotle Minneapolis",
    "lat": "44.97774",
    "lng": "-93.270909",
    "category": "Restaurant, Cafe",
    "address": "50 South 6th",
    "address2": "",
    "city": "Minneapolis",
    "state": "MN",
    "postal": "55402",
    "phone": "612-333-0434",
    "web": "http:\/\/www.chipotle.com",
    "hours1": "Mon-Sun 11am-10pm",
    "hours2": "",
    "hours3": "",
    "featured": "",
    "features": "Fresh Guacamole",
    "date": "04/17/18"
  },
  {
    "id": "8",
    "name": "Chipotle Edina",
    "lat": "44.879826",
    "lng": "-93.321280",
    "category": "Restaurant",
    "address": "6801 York Avenue South",
    "address2": "",
    "city": "Edina",
    "state": "MN",
    "postal": "55435",
    "phone": "952-926-6651",
    "web": "http:\/\/www.chipotle.com",
    "hours1": "Mon-Sun 11am-10pm",
    "hours2": "",
    "hours3": "",
    "featured": "",
    "features": "Online Ordering, Fresh Guacamole",
    "date": "03/17/18"
  },
  {
    "id": "9",
    "name": "Chipotle Minnetonka",
    "lat": "44.970495",
    "lng": "-93.437430",
    "category": "Restaurant",
    "address": "12509 Wayzata Blvd",
    "address2": "",
    "city": "Minnetonka",
    "state": "MN",
    "postal": "55305",
    "phone": "952-252-4900",
    "web": "http:\/\/www.chipotle.com",
    "hours1": "Mon-Sun 11am-10pm",
    "hours2": "",
    "hours3": "",
    "featured": "",
    "features": "Margaritas",
    "date": "02/17/18"
  },
  {
    "id": "10",
    "name": "Chipotle Minneapolis",
    "lat": "44.972808",
    "lng": "-93.247153",
    "category": "Restaurant, Coffee",
    "address": "229 Cedar Ave S",
    "address2": "",
    "city": "Minneapolis",
    "state": "MN",
    "postal": "55454",
    "phone": "612-659-7830",
    "web": "http:\/\/www.chipotle.com",
    "hours1": "Mon-Sun 11am-10pm",
    "hours2": "",
    "hours3": "",
    "featured": "",
    "features": "",
    "date": "01/17/18"
  },
  {
    "id": "11",
    "name": "Chipotle Minneapolis",
    "lat": "44.987687",
    "lng": "-93.257581",
    "category": "Restaurant",
    "address": "225 Hennepin Ave E",
    "address2": "",
    "city": "Minneapolis",
    "state": "MN",
    "postal": "55414",
    "phone": "612-331-6330",
    "web": "http:\/\/www.chipotle.com",
    "hours1": "Mon-Sun 11am-10pm",
    "hours2": "",
    "hours3": "",
    "featured": "",
    "features": "Fresh Guacamole",
    "date": "12/17/17"
  },
  {
    "id": "12",
    "name": "Chipotle Minneapolis",
    "lat": "44.973665",
    "lng": "-93.227023",
    "category": "Restaurant",
    "address": "800 Washington Ave SE",
    "address2": "",
    "city": "Minneapolis",
    "state": "MN",
    "postal": "55414",
    "phone": "612-378-7078",
    "web": "http:\/\/www.chipotle.com",
    "hours1": "Mon-Sun 11am-10pm",
    "hours2": "",
    "hours3": "",
    "featured": "",
    "features": "",
    "date": "11/17/17"
  },
  {
    "id": "13",
    "name": "Chipotle Bloomington",
    "lat": "44.8458631",
    "lng": "-93.2860161",
    "category": "Restaurant",
    "address": "322 South Ave",
    "address2": "",
    "city": "Bloomington",
    "state": "MN",
    "postal": "55425",
    "phone": "952-252-3800",
    "web": "http:\/\/www.chipotle.com",
    "hours1": "Mon-Sun 11am-10pm",
    "hours2": "",
    "hours3": "",
    "featured": "",
    "features": "Online Ordering",
    "date": "10/17/17"
  },
  {
    "id": "14",
    "name": "Chipotle Wayzata",
    "lat": "44.9716626",
    "lng": "-93.4967757",
    "category": "Restaurant",
    "address": "1313 Wayzata Blvd",
    "address2": "",
    "city": "Wayzata",
    "state": "MN",
    "postal": "55391",
    "phone": "952-473-7100",
    "web": "http:\/\/www.chipotle.com",
    "hours1": "Mon-Sun 11am-10pm",
    "hours2": "",
    "hours3": "",
    "featured": "",
    "features": "Margaritas",
    "date": "09/17/17"
  },
  {
    "id": "15",
    "name": "Chipotle Eden Prairie",
    "lat": "44.859761",
    "lng": "-93.436379",
    "category": "Restaurant, Bar",
    "address": "13250 Technology Dr",
    "address2": "",
    "city": "Eden Prairie",
    "state": "MN",
    "postal": "55344",
    "phone": "952-934-5955",
    "web": "http:\/\/www.chipotle.com",
    "hours1": "Mon-Sun 11am-10pm",
    "hours2": "",
    "hours3": "",
    "featured": "",
    "features": "Online Ordering",
    "date": "08/17/17"
  },
  {
    "id": "16",
    "name": "Chipotle Plymouth",
    "lat": "45.019846",
    "lng": "-93.481832",
    "category": "Restaurant",
    "address": "3425 Vicksburg Lane N",
    "address2": "",
    "city": "Plymouth",
    "state": "MN",
    "postal": "55447",
    "phone": "763-519-0063",
    "web": "http:\/\/www.chipotle.com",
    "hours1": "Mon-Sun 11am-10pm",
    "hours2": "",
    "hours3": "",
    "featured": "",
    "features": "Online Ordering, Fresh Guacamole",
    "date": "07/17/17"
  },
  {
    "id": "17",
    "name": "Chipotle Roseville",
    "lat": "44.998965",
    "lng": "-93.194622",
    "category": "Restaurant, Coffee",
    "address": "860 Rosedale Center Plaza",
    "address2": "",
    "city": "Roseville",
    "state": "MN",
    "postal": "55113",
    "phone": "651-633-2300",
    "web": "http:\/\/www.chipotle.com",
    "hours1": "Mon-Sun 11am-10pm",
    "hours2": "",
    "hours3": "",
    "featured": "",
    "features": "",
    "date": "06/17/17"
  },
  {
    "id": "18",
    "name": "Chipotle St. Paul",
    "lat": "44.939865",
    "lng": "-93.136768",
    "category": "Restaurant, Bakery",
    "address": "867 Grand Ave",
    "address2": "",
    "city": "St. Paul",
    "state": "MN",
    "postal": "55105",
    "phone": "651-602-0560",
    "web": "http:\/\/www.chipotle.com",
    "hours1": "Mon-Sun 11am-10pm",
    "hours2": "",
    "hours3": "",
    "featured": "",
    "features": "",
    "date": "05/17/17"
  },
  {
    "id": "19",
    "name": "Chipotle Chanhassen",
    "lat": "44.858736",
    "lng": "-93.533661",
    "category": "Restaurant, Bar",
    "address": "560 W 79th",
    "address2": "",
    "city": "Chanhassen",
    "state": "MN",
    "postal": "55317",
    "phone": "952-294-0301",
    "web": "http:\/\/www.chipotle.com",
    "hours1": "Mon-Sun 11am-10pm",
    "hours2": "",
    "hours3": "",
    "featured": "",
    "features": "Online Ordering, Fresh Guacamole",
    "date": "04/17/17"
  },
  {
    "id": "20",
    "name": "Chipotle St. Paul",
    "lat": "44.945127",
    "lng": "-93.095368",
    "category": "Restaurant, Coffee",
    "address": "29 5th St West",
    "address2": "",
    "city": "St. Paul",
    "state": "MN",
    "postal": "55102",
    "phone": "651-291-5411",
    "web": "http:\/\/www.chipotle.com",
    "hours1": "Mon-Sun 11am-10pm",
    "hours2": "",
    "hours3": "",
    "featured": "",
    "features": "Fresh Guacamole",
    "date": "03/17/17"
  }
]
